C/A,UNIT,SCP,STATION,LINENAME,DIVISION,DATE,TIME,DESC,ENTRIES,EXITS
A002,R051,02-00-00,59 ST,NQR456W,BMT,10/24/2020,00:00:00,REGULAR,7477474,2544276
A006,R079,00-00-00,5 AV/59 ST,NQRW,BMT,10/24/2020,02:00:00,REGULAR,4352730,7500388
A007,R079,01-05-00,5 AV/59 ST,NQRW,BMT,10/24/2020,02:00:00,REGULAR,3607,0
A010,R080,00-00-00,57 ST-7 AV,NQRW,BMT,10/24/2020,00:00:00,REGULAR,5023865,2872269
A011,R080,01-00-00,57 ST-7 AV,NQRW,BMT,10/24/2020,00:00:00,REGULAR,469154,1601732
A013,R081,01-00-00,49 ST,NQRW,BMT,10/24/2020,00:00:00,REGULAR,6237732,38772259
A014,R081,02-00-00,49 ST,NQRW,BMT,10/24/2020,00:00:00,REGULAR,3037791,1086181
A015,R081,00-00-00,49 ST,NQRW,BMT,10/24/2020,00:00:00,REGULAR,13061630,4285706
A016,R081,03-00-00,49 ST,NQRW,BMT,10/24/2020,00:00:00,REGULAR,4059343,4983767
A021,R032,01-00-00,TIMES SQ-42 ST,ACENQRS1237W,BMT,10/24/2020,00:00:00,REGULAR,9802390,12237297
A022,R022,01-00-00,34 ST-HERALD SQ,BDFMNQRW,BMT,10/24/2020,00:00:00,REGULAR,28624535,12047150
A025,R023,01-00-00,34 ST-HERALD SQ,BDFMNQRW,BMT,10/24/2020,00:00:00,REGULAR,5408914,10323609
A027,R082,01-00-00,28 ST,NRW,BMT,10/24/2020,00:00:00,REGULAR,3888645,4706510
A029,R082,00-00-00,28 ST,NRW,BMT,10/24/2020,00:00:00,REGULAR,4363885,15873722
A030,R083,01-00-00,23 ST,NRW,BMT,10/24/2020,00:00:00,REGULAR,25977,28473
A031,R083,00-00-00,23 ST,NRW,BMT,10/24/2020,00:00:00,REGULAR,1891800,1073836
A033,R170,02-00-00,14 ST-UNION SQ,LNQR456W,BMT,10/24/2020,01:00:00,REGULAR,352167,1100282
A034,R170,03-00-00,14 ST-UNION SQ,LNQR456W,BMT,10/24/2020,01:00:00,REGULAR,2252485,17627102
A035,R170,00-00-00,14 ST-UNION SQ,LNQR456W,BMT,10/24/2020,01:00:00,REGULAR,224245,552606
A037,R170,05-00-00,14 ST-UNION SQ,LNQR456W,BMT,10/24/2020,01:00:00,REGULAR,1104995,716989
A038,R085,00-00-00,8 ST-NYU,NRW,BMT,10/24/2020,00:00:00,REGULAR,4012976,3559535
A039,R085,01-00-00,8 ST-NYU,NRW,BMT,10/24/2020,00:00:00,REGULAR,1623765,6982606
A041,R086,00-00-00,PRINCE ST,NRW,BMT,10/24/2020,00:00:00,REGULAR,12598876,4781846
A042,R086,01-00-00,PRINCE ST,NRW,BMT,10/24/2020,00:00:00,REGULAR,1389833,9352337
A043,R462,00-00-00,CANAL ST,JNQRZ6W,BMT,10/24/2020,01:00:00,REGULAR,371687231,456547879
A046,R463,00-00-00,CANAL ST,JNQRZ6W,BMT,10/24/2020,01:00:00,REGULAR,4255990,423449
A047,R087,00-00-00,CITY HALL,NRW,BMT,10/24/2020,00:00:00,REGULAR,16779,19603
A049,R088,02-00-00,CORTLANDT ST,RNW,BMT,10/24/2020,01:00:00,REGULAR,893454,1343430
A050,R088,00-00-00,CORTLANDT ST,RNW,BMT,10/24/2020,01:00:00,REGULAR,3962344,5649738
A052,R088,01-00-00,CORTLANDT ST,RNW,BMT,10/24/2020,01:00:00,REGULAR,232084,235880
A053,R088,03-00-00,CORTLANDT ST,RNW,BMT,10/24/2020,01:00:00,REGULAR,1156126,628282
A054,R227,01-00-00,RECTOR ST,NRW,BMT,10/24/2020,00:00:00,REGULAR,5546900,8040214
A055,R227,00-00-00,RECTOR ST,NRW,BMT,10/24/2020,00:00:00,REGULAR,1300343,502581
A058,R001,01-00-00,WHITEHALL S-FRY,R1W,BMT,10/24/2020,01:00:00,REGULAR,1913958,4473938
A060,R001,00-00-00,WHITEHALL S-FRY,R1W,BMT,10/24/2020,01:00:00,REGULAR,5168108,2971194
A061,R142,00-00-00,DELANCEY/ESSEX,FJMZ,BMT,10/24/2020,01:00:00,REGULAR,14013854,12412936
A064,R311,00-00-00,BOWERY,JZ,BMT,10/24/2020,00:00:00,REGULAR,6125539,4317799
A066,R118,00-00-00,CANAL ST,JNQRZ6W,BMT,10/24/2020,01:00:00,REGULAR,1722830769,1763557527
A069,R044,01-00-00,CHAMBERS ST,JZ456,BMT,10/24/2020,00:00:00,REGULAR,171731,955929
A071,R044,02-00-00,CHAMBERS ST,JZ456,BMT,10/24/2020,00:00:00,REGULAR,174084,96825
A077,R028,03-00-00,FULTON ST,ACJZ2345,BMT,10/24/2020,03:00:00,REGULAR,375394,108668
A081,R028,04-00-00,FULTON ST,ACJZ2345,BMT,10/24/2020,03:00:00,REGULAR,212443,1267590
A082,R028,05-05-00,FULTON ST,ACJZ2345,BMT,10/24/2020,03:00:00,REGULAR,33554914,16777216
A083,R125,00-00-00,BROAD ST,JZ,BMT,10/24/2020,01:00:00,REGULAR,5960137,2189594
A084,R125,01-00-00,BROAD ST,JZ,BMT,10/24/2020,01:00:00,REGULAR,298046,11955
A085,R125,02-05-00,BROAD ST,JZ,BMT,10/24/2020,01:00:00,REGULAR,0,1127
B004,R171,00-00-00,7 AV,BQ,BMT,10/24/2020,01:00:00,REGULAR,7714351,5721267
B009,R411,00-00-00,PARK PLACE,S,BMT,10/24/2020,01:00:00,REGULAR,6684607,5912411
B010,R412,00-00-00,BOTANIC GARDEN,S2345,BMT,10/24/2020,01:00:00,REGULAR,180209,278374
B012,R196,00-00-00,PROSPECT PARK,BQS,BMT,10/24/2020,00:00:00,REGULAR,1569211385,786036778
B013,R196,01-00-00,PROSPECT PARK,BQS,BMT,10/24/2020,00:00:00,REGULAR,35353,137040
B014,R148,00-00-00,PARKSIDE AV,BQ,BMT,10/24/2020,01:00:00,REGULAR,10849250,17619766
B015,R098,01-00-00,CHURCH AV,BQ,BMT,10/24/2020,00:00:00,REGULAR,3527865,2114688
B016,R098,00-00-00,CHURCH AV,BQ,BMT,10/24/2020,00:00:00,REGULAR,9205903,18109847
B017,R262,00-00-00,BEVERLEY ROAD,BQ,BMT,10/24/2020,00:00:00,REGULAR,5031785,2515755
B018,R184,00-00-00,CORTELYOU RD,BQ,BMT,10/24/2020,00:00:00,REGULAR,17594,7867
B019,R149,00-00-00,NEWKIRK PLAZA,BQ,BMT,10/24/2020,01:00:00,REGULAR,18007315,17002302
B020,R263,00-00-00,AVENUE H,BQ,BMT,10/24/2020,00:00:00,REGULAR,17210,7940
B021,R228,00-00-00,AVENUE J,BQ,BMT,10/24/2020,00:00:00,REGULAR,9483857,7973020
B022,R229,00-00-00,AVENUE M,BQ,BMT,10/24/2020,00:00:00,REGULAR,832,2581
B023,R211,01-05-00,KINGS HWY,BQ,BMT,10/24/2020,00:00:00,REGULAR,872,0
B024,R211,00-00-00,KINGS HWY,BQ,BMT,10/24/2020,00:00:00,REGULAR,17142274,11180602
B024A,R211,02-00-00,KINGS HWY,BQ,BMT,10/24/2020,00:00:00,REGULAR,212919,271298
B025,R150,00-00-00,AVENUE U,BQ,BMT,10/24/2020,01:00:00,REGULAR,6175863,3781200
B026,R230,00-00-00,NECK RD,BQ,BMT,10/24/2020,00:00:00,REGULAR,279362,393348
B027,R136,00-00-00,SHEEPSHEAD BAY,BQ,BMT,10/24/2020,01:00:00,REGULAR,2169195,8778915
B028,R136,01-00-00,SHEEPSHEAD BAY,BQ,BMT,10/24/2020,01:00:00,REGULAR,2072139,163081
B029,R172,00-00-00,BRIGHTON BEACH,BQ,BMT,10/24/2020,00:00:00,REGULAR,13843438,10447160
B031,R172,01-00-00,BRIGHTON BEACH,BQ,BMT,10/24/2020,00:00:00,REGULAR,6424431,8708956
B032,R264,00-00-00,OCEAN PKWY,Q,BMT,10/24/2020,00:00:00,REGULAR,336611,182436
B034,R264,01-05-00,OCEAN PKWY,Q,BMT,10/24/2020,00:00:00,REGULAR,5898560,5898330
C001,R108,01-00-00,BOROUGH HALL,R2345,BMT,10/24/2020,00:00:00,REGULAR,790103,547513
C003,R089,00-00-00,JAY ST-METROTEC,R,BMT,10/24/2020,00:00:00,REGULAR,11882762,10125508
C004,R089,01-05-00,JAY ST-METROTEC,R,BMT,10/24/2020,00:00:00,REGULAR,134218189,0
C008,R099,00-00-00,DEKALB AV,BDNQR,BMT,10/24/2020,00:00:00,REGULAR,1999688138,1850879319
C009,R057,03-00-00,ATL AV-BARCLAY,BDNQR2345,BMT,10/24/2020,00:00:00,REGULAR,600120,1305223
C010,R231,00-00-00,UNION ST,R,BMT,10/24/2020,00:00:00,REGULAR,6661765,2271179
C011,R231,01-00-00,UNION ST,R,BMT,10/24/2020,00:00:00,REGULAR,4179321,13603303
C012,R258,01-00-00,4AV-9 ST,DFGMNR,BMT,10/24/2020,00:00:00,REGULAR,11587507,4570729
C014,R246,00-00-00,PROSPECT AV,R,BMT,10/24/2020,00:00:00,REGULAR,13255278,3050387
C015,R246,01-00-00,PROSPECT AV,R,BMT,10/24/2020,00:00:00,REGULAR,1052469,11626265
C016,R278,00-00-00,25 ST,R,BMT,10/24/2020,00:00:00,REGULAR,1968144,1706133
C017,R455,00-00-00,25 ST,R,BMT,10/24/2020,00:00:00,REGULAR,4369049,8305023
C018,R197,00-00-00,36 ST,DNR,BMT,10/24/2020,01:00:00,REGULAR,6477526,8270681
C019,R232,00-00-00,45 ST,R,BMT,10/24/2020,00:00:00,REGULAR,5213226,8383202
C020,R233,00-00-00,53 ST,R,BMT,10/24/2020,00:00:00,REGULAR,11297585,5375401
C021,R212,00-00-00,59 ST,NRW,BMT,10/24/2020,00:00:00,REGULAR,9368321,4871167
C022,R212,01-00-00,59 ST,NRW,BMT,10/24/2020,00:00:00,REGULAR,605865,612979
C023,R213,00-00-00,BAY RIDGE AV,R,BMT,10/24/2020,00:00:00,REGULAR,3309099,3488626
C024,R214,00-00-00,77 ST,R,BMT,10/24/2020,00:00:00,REGULAR,9030858,2039784
C025,R215,00-00-00,86 ST,R,BMT,10/24/2020,00:00:00,REGULAR,289540,355606
C026,R215,01-05-00,86 ST,R,BMT,10/24/2020,00:00:00,REGULAR,458794,0
C027,R216,00-00-00,BAY RIDGE-95 ST,R,BMT,10/24/2020,00:00:00,REGULAR,5294253,7290531
C028,R216,01-05-00,BAY RIDGE-95 ST,R,BMT,10/24/2020,00:00:00,REGULAR,1291,0
D001,R390,01-00-00,8 AV,N,BMT,10/24/2020,01:00:00,REGULAR,223418,187167
D002,R390,00-00-00,8 AV,N,BMT,10/24/2020,01:00:00,REGULAR,174232,536478
D003,R391,00-00-00,FT HAMILTON PKY,N,BMT,10/24/2020,01:00:00,REGULAR,2901812,2944232
D004,R391,01-05-00,FT HAMILTON PKY,N,BMT,10/24/2020,01:00:00,REGULAR,234,0
D005,R398,00-00-00,NEW UTRECHT AV,ND,BMT,10/24/2020,01:00:00,REGULAR,116553,28685
D006,R398,01-05-00,NEW UTRECHT AV,ND,BMT,10/24/2020,01:00:00,REGULAR,935,0
D008,R392,00-00-00,18 AV,N,BMT,10/24/2020,01:00:00,REGULAR,8022524,7863539
D009,R393,00-00-00,20 AV,N,BMT,10/24/2020,01:00:00,REGULAR,306332,243809
D010,R394,00-00-00,BAY PKWY,N,BMT,10/24/2020,01:00:00,REGULAR,3225349,798750
D011,R394,01-05-00,BAY PKWY,N,BMT,10/24/2020,01:00:00,REGULAR,575996146,672530542
D012,R395,00-00-00,KINGS HWY,N,BMT,10/24/2020,01:00:00,REGULAR,4462375,4957517
D015,R396,00-00-00,AVENUE U,N,BMT,10/24/2020,01:00:00,REGULAR,4102080,5784406
D016,R397,00-00-00,86 ST,N,BMT,10/24/2020,01:00:00,REGULAR,169848,469053
E001,R368,00-00-00,9 AV,D,BMT,10/24/2020,01:00:00,REGULAR,8999308,11096446
E003,R369,00-00-00,FT HAMILTON PKY,D,BMT,10/24/2020,01:00:00,REGULAR,2116577,953734
E004,R234,00-00-00,50 ST,D,BMT,10/24/2020,00:00:00,REGULAR,6172831,5735778
E005,R247,00-00-00,55 ST,D,BMT,10/24/2020,00:00:00,REGULAR,7354713,4192923
E009,R370,00-00-00,71 ST,D,BMT,10/24/2020,00:00:00,REGULAR,8487838,7761762
E011,R371,00-00-00,79 ST,D,BMT,10/24/2020,00:00:00,REGULAR,11854769,9171017
E012,R372,00-00-00,18 AV,D,BMT,10/24/2020,00:00:00,REGULAR,15435651,11563918
E013,R373,00-00-00,20 AV,D,BMT,10/24/2020,00:00:00,REGULAR,62618,17131
E014,R374,00-00-00,BAY PKWY,D,BMT,10/24/2020,01:00:00,REGULAR,15305740,12329021
E015,R399,00-00-00,25 AV,D,BMT,10/24/2020,01:00:00,REGULAR,3940743,839668
E016,R400,00-00-00,BAY 50 ST,D,BMT,10/24/2020,01:00:00,REGULAR,8064075,6968986
G001,R151,00-00-00,CONEY IS-STILLW,DFNQ,BMT,10/24/2020,01:00:00,REGULAR,1527488,2667887
G009,R151,02-00-00,CONEY IS-STILLW,DFNQ,BMT,10/24/2020,01:00:00,REGULAR,17240993,177330
G011,R312,00-00-00,W 8 ST-AQUARIUM,FQ,BMT,10/24/2020,00:00:00,REGULAR,4398486,9577395
G015,R312,01-05-00,W 8 ST-AQUARIUM,FQ,BMT,10/24/2020,00:00:00,REGULAR,1384,0
H001,R175,00-00-00,8 AV,ACEL,BMT,10/24/2020,01:00:00,REGULAR,475791272,1399927603
H003,R163,01-00-00,6 AV,FLM123,BMT,10/24/2020,00:00:00,REGULAR,8171719,10216650
H005,R330,00-00-00,3 AV,L,BMT,10/24/2020,00:00:00,REGULAR,3364742,9456467
H006,R330,01-00-00,3 AV,L,BMT,10/24/2020,00:00:00,REGULAR,8057996,2608953
H007,R248,00-00-00,1 AV,L,BMT,10/24/2020,00:00:00,REGULAR,15488945,17464100
H007A,R248,02-00-00,1 AV,L,BMT,10/24/2020,00:00:00,REGULAR,146024,24236
H008,R248,01-00-00,1 AV,L,BMT,10/24/2020,00:00:00,REGULAR,307567,5052907
H009,R235,00-00-00,BEDFORD AV,L,BMT,10/24/2020,00:00:00,REGULAR,360917,63254
H010,R235,01-00-00,BEDFORD AV,L,BMT,10/24/2020,00:00:00,REGULAR,1976443,5383532
H012,R268,01-00-00,LORIMER ST,LG,BMT,10/24/2020,01:00:00,REGULAR,171317,62608
H013,R249,01-00-00,GRAHAM AV,L,BMT,10/24/2020,00:00:00,REGULAR,7601703,1332460
H014,R249,00-00-00,GRAHAM AV,L,BMT,10/24/2020,00:00:00,REGULAR,2161719,12751494
H015,R250,01-00-00,GRAND ST,L,BMT,10/24/2020,00:00:00,REGULAR,7637593,4218190
H016,R250,00-00-00,GRAND ST,L,BMT,10/24/2020,00:00:00,REGULAR,1453699,4396141
H017,R265,00-00-00,MONTROSE AV,L,BMT,10/24/2020,00:00:00,REGULAR,7737143,8836560
H019,R294,00-00-00,MORGAN AV,L,BMT,10/24/2020,00:00:00,REGULAR,30338,38266
H022,R279,00-00-00,JEFFERSON ST,L,BMT,10/24/2020,00:00:00,REGULAR,7986480,5638114
H023,R236,00-00-00,DEKALB AV,L,BMT,10/24/2020,00:00:00,REGULAR,5378582,2012322
H026,R137,00-00-00,MYRTLE-WYCKOFF,LM,BMT,10/24/2020,00:00:00,REGULAR,7738718,18931309
H027,R137,01-00-00,MYRTLE-WYCKOFF,LM,BMT,10/24/2020,00:00:00,REGULAR,11013748,6344057
H028,R266,00-00-00,HALSEY ST,L,BMT,10/24/2020,00:00:00,REGULAR,5845060,2971360
H030,R266,01-00-00,HALSEY ST,L,BMT,10/24/2020,00:00:00,REGULAR,1676894,3841018
H032,R295,00-00-00,WILSON AV,L,BMT,10/24/2020,00:00:00,REGULAR,4887635,6545187
H033,R313,00-00-00,BUSHWICK AV,L,BMT,10/24/2020,00:00:00,REGULAR,4315022,4067020
H035,R348,00-00-00,ATLANTIC AV,L,BMT,10/24/2020,00:00:00,REGULAR,1096913,244228
H037,R349,00-00-00,SUTTER AV,L,BMT,10/24/2020,01:00:00,REGULAR,2394464,2644212
H038,R350,00-00-00,LIVONIA AV,L,BMT,10/24/2020,01:00:00,REGULAR,102489,103851
H039,R375,00-00-00,NEW LOTS,L,BMT,10/24/2020,01:00:00,REGULAR,3998888,5418671
H040,R376,00-00-00,EAST 105 ST,L,BMT,10/24/2020,01:00:00,REGULAR,9684530,7921403
H041,R152,00-00-00,CANARSIE-ROCKAW,L,BMT,10/24/2020,01:00:00,REGULAR,33303,23607
J001,R460,01-00-00,MARCY AV,JMZ,BMT,10/24/2020,01:00:00,REGULAR,8716898,1218502
J002,R460,00-00-00,MARCY AV,JMZ,BMT,10/24/2020,01:00:00,REGULAR,2043124,448138
J003,R352,00-00-00,HEWES ST,JM,BMT,10/24/2020,01:00:00,REGULAR,8367187,2615853
J005,R353,00-00-00,LORIMER ST,JM,BMT,10/24/2020,01:00:00,REGULAR,5971395,1918741
J007,R377,00-00-00,FLUSHING AV,JM,BMT,10/24/2020,01:00:00,REGULAR,17194806,11170936
J009,R378,00-00-00,MYRTLE AV,JMZ,BMT,10/24/2020,01:00:00,REGULAR,16399478,24746706
J012,R379,00-00-00,KOSCIUSZKO ST,J,BMT,10/24/2020,01:00:00,REGULAR,4712232,2725222
J013,R380,00-00-00,GATES AV,JZ,BMT,10/24/2020,01:00:00,REGULAR,6047066,2052872
J016,R381,00-00-00,HALSEY ST,J,BMT,10/24/2020,01:00:00,REGULAR,2198428,2184776
J017,R432,00-00-00,CHAUNCEY ST,JZ,BMT,10/24/2020,01:00:00,REGULAR,830977,280141
J020,R433,00-00-00,ALABAMA AV,J,BMT,10/24/2020,01:00:00,REGULAR,2161604,1705698
J021,R434,00-00-00,VAN SICLEN AV,JZ,BMT,10/24/2020,01:00:00,REGULAR,9393,9849
J022,R435,00-00-00,CLEVELAND ST,J,BMT,10/24/2020,01:00:00,REGULAR,5131354,5731317
J023,R436,00-00-00,NORWOOD AV,JZ,BMT,10/24/2020,01:00:00,REGULAR,7392534,9784108
J024,R437,00-00-00,CRESCENT ST,JZ,BMT,10/24/2020,01:00:00,REGULAR,988218,1822496
J025,R003,00-00-00,CYPRESS HILLS,J,BMT,10/24/2020,00:00:00,REGULAR,659145,734532
J028,R004,00-00-00,75 ST-ELDERTS,JZ,BMT,10/24/2020,00:00:00,REGULAR,571789,388413
J030,R005,00-00-00,85 ST-FOREST PK,J,BMT,10/24/2020,00:00:00,REGULAR,8277562,7485261
J031,R006,00-00-00,WOODHAVEN BLVD,JZ,BMT,10/24/2020,00:00:00,REGULAR,5113667,6496238
J032,R006,01-05-00,WOODHAVEN BLVD,JZ,BMT,10/24/2020,00:00:00,REGULAR,33554711,0
J034,R007,00-00-00,104 ST,JZ,BMT,10/24/2020,00:00:00,REGULAR,163038,92306
J035,R008,00-00-00,111 ST,J,BMT,10/24/2020,00:00:00,REGULAR,3904826,5390324
J037,R009,00-00-00,121 ST,JZ,BMT,10/24/2020,00:00:00,REGULAR,3530697,3849759
JFK01,R535,00-00-01,HOWARD BCH JFK,A,IND,10/24/2020,01:00:00,REGULAR,141591,429174
JFK02,R535,01-00-01,HOWARD BCH JFK,A,IND,10/24/2020,01:00:00,REGULAR,212657,612153
JFK03,R536,00-00-01,JFK JAMAICA CT1,E,IND,10/24/2020,01:00:00,REGULAR,271250,66317
K017,R401,00-00-00,CENTRAL AV,M,BMT,10/24/2020,01:00:00,REGULAR,960577,3421790
K019,R413,00-00-00,KNICKERBOCKER,M,BMT,10/24/2020,01:00:00,REGULAR,1561563,6046740
K022,R402,00-00-00,SENECA AVE,M,BMT,10/24/2020,01:00:00,REGULAR,2553173,3253075
K024,R403,00-00-00,FOREST AVE,M,BMT,10/24/2020,01:00:00,REGULAR,4111563,5160086
K025,R404,00-00-00,FRESH POND RD,M,BMT,10/24/2020,01:00:00,REGULAR,4472091,3986227
K026,R100,00-00-00,METROPOLITAN AV,M,BMT,10/24/2020,00:00:00,REGULAR,3338857,2510737
N001,R173,01-05-00,INWOOD-207 ST,A,IND,10/24/2020,01:00:00,REGULAR,561,0
N002A,R173,00-00-00,INWOOD-207 ST,A,IND,10/24/2020,01:00:00,REGULAR,335446,223947
N003,R185,00-00-00,DYCKMAN ST,A,IND,10/24/2020,01:00:00,REGULAR,12027950,409162
N006A,R280,00-00-00,190 ST,A,IND,10/24/2020,00:00:00,REGULAR,1441665084,1844705389
N007A,R174,00-00-00,181 ST,A,IND,10/24/2020,01:00:00,REGULAR,3797,26374
N009,R174,01-00-00,181 ST,A,IND,10/24/2020,01:00:00,REGULAR,11021232,3683004
N010,R126,00-00-00,175 ST,A,IND,10/24/2020,00:00:00,REGULAR,4321262,6951210
N011,R126,01-05-00,175 ST,A,IND,10/24/2020,00:00:00,REGULAR,664,0
N012,R035,01-05-00,168 ST,AC1,IND,10/24/2020,00:00:00,REGULAR,131691,589824
N013,R035,02-00-00,168 ST,AC1,IND,10/24/2020,00:00:00,REGULAR,3642852,5658967
N016A,R296,00-00-00,163 ST-AMSTERDM,C,IND,10/24/2020,01:00:00,REGULAR,23040,10575
N017,R331,00-00-00,155 ST,C,IND,10/24/2020,01:00:00,REGULAR,2450539,5543505
N019,R101,01-00-00,145 ST,ABCD,IND,10/24/2020,00:00:00,REGULAR,7660203,16821147
N020,R101,00-00-00,145 ST,ABCD,IND,10/24/2020,00:00:00,REGULAR,19081543,9150104
N022,R332,02-05-00,135 ST,BC,IND,10/24/2020,01:00:00,REGULAR,117440833,0
N023,R332,01-00-00,135 ST,BC,IND,10/24/2020,01:00:00,REGULAR,418,776
N024,R332,00-00-00,135 ST,BC,IND,10/24/2020,01:00:00,REGULAR,2483622,4519683
N025,R102,01-00-00,125 ST,ACBD,IND,10/24/2020,00:00:00,REGULAR,212399,205427
N026,R102,00-00-00,125 ST,ACBD,IND,10/24/2020,00:00:00,REGULAR,40229,52391
N029,R333,01-00-00,116 ST,BC,IND,10/24/2020,01:00:00,REGULAR,34523,24502
N030,R333,00-00-00,116 ST,BC,IND,10/24/2020,01:00:00,REGULAR,43819,84564
N034,R334,01-00-00,CATHEDRAL PKWY,BC,IND,10/24/2020,01:00:00,REGULAR,94997,56326
N035,R334,00-00-00,CATHEDRAL PKWY,BC,IND,10/24/2020,01:00:00,REGULAR,14192621,8775807
N037,R314,00-00-00,103 ST,BC,IND,10/24/2020,01:00:00,REGULAR,14832963,11753307
N039,R251,01-00-00,96 ST,BC,IND,10/24/2020,00:00:00,REGULAR,2944411,1031172
N040,R251,00-00-00,96 ST,BC,IND,10/24/2020,00:00:00,REGULAR,740117,1964068
N043,R186,00-00-00,86 ST,BC,IND,10/24/2020,00:00:00,REGULAR,46604,68104
N044,R187,00-00-00,81 ST-MUSEUM,BC,IND,10/24/2020,01:00:00,REGULAR,80952,27477
N045,R187,01-00-00,81 ST-MUSEUM,BC,IND,10/24/2020,01:00:00,REGULAR,5546244,7043338
N046,R281,00-00-00,72 ST,BC,IND,10/24/2020,00:00:00,REGULAR,4162671,2004303
N049,R084,01-00-00,59 ST COLUMBUS,ABCD1,IND,10/24/2020,00:00:00,REGULAR,3259023,13132154
N051,R084,02-00-00,59 ST COLUMBUS,ABCD1,IND,10/24/2020,00:00:00,REGULAR,15428664,2175613
N056,R188,01-00-00,50 ST,CE,IND,10/24/2020,00:00:00,REGULAR,14357474,11109650
N057,R188,00-00-00,50 ST,CE,IND,10/24/2020,00:00:00,REGULAR,4430211,1556587
N060,R010,01-00-00,42 ST-PORT AUTH,ACENGRS1237W,IND,10/24/2020,02:00:00,REGULAR,11565079,18276110
N062,R011,01-00-00,42 ST-PORT AUTH,ACENQRS1237W,IND,10/24/2020,00:00:00,REGULAR,12315721,41882038
N062A,R010,00-00-00,42 ST-PORT AUTH,ACENQRS1237W,IND,10/24/2020,02:00:00,REGULAR,9311326,2235266
N063,R011,02-00-00,42 ST-PORT AUTH,ACENQRS1237W,IND,10/24/2020,00:00:00,REGULAR,25583,99755
N063A,R011,00-00-00,42 ST-PORT AUTH,ACENQRS1237W,IND,10/24/2020,00:00:00,REGULAR,2007679,8705030
N067,R012,00-00-00,34 ST-PENN STA,ACE,IND,10/24/2020,00:00:00,REGULAR,215788,653301
N068,R012,03-00-00,34 ST-PENN STA,ACE,IND,10/24/2020,00:00:00,REGULAR,10454890,7533949
N069,R013,01-00-00,34 ST-PENN STA,ACE,IND,10/24/2020,00:00:00,REGULAR,6371707,2971588
N070,R012,04-00-00,34 ST-PENN STA,ACE,IND,10/24/2020,00:00:00,REGULAR,510721,507605
N071,R013,00-00-00,34 ST-PENN STA,ACE,IND,10/24/2020,00:00:00,REGULAR,6299446,17739407
N072,R012,05-00-00,34 ST-PENN STA,ACE,IND,10/24/2020,00:00:00,REGULAR,213617,894243
N073,R013,02-00-00,34 ST-PENN STA,ACE,IND,10/24/2020,00:00:00,REGULAR,1681540,12464993
N075,R111,01-05-00,23 ST,CE,IND,10/24/2020,00:00:00,REGULAR,196916,0
N076,R111,00-00-00,23 ST,CE,IND,10/24/2020,00:00:00,REGULAR,5891347,2226509
N077,R111,02-00-00,23 ST,CE,IND,10/24/2020,00:00:00,REGULAR,2993231,4497161
N078,R175,01-00-00,14 ST,ACEL,IND,10/24/2020,01:00:00,REGULAR,681740,946764
N080,R138,00-00-00,W 4 ST-WASH SQ,ABCDEFM,IND,10/24/2020,01:00:00,REGULAR,197009,583515
N083,R138,01-00-00,W 4 ST-WASH SQ,ABCDEFM,IND,10/24/2020,01:00:00,REGULAR,9193098,27290510
N086,R282,00-00-00,SPRING ST,CE,IND,10/24/2020,00:00:00,REGULAR,6603148,1685023
N087,R282,01-03-00,SPRING ST,CE,IND,10/24/2020,00:00:00,REGULAR,4774555,1570085
N089,R139,00-00-00,CANAL ST,ACE,IND,10/24/2020,00:00:00,REGULAR,6319617,17268455
N090,R139,01-00-00,CANAL ST,ACE,IND,10/24/2020,00:00:00,REGULAR,1372824,13925706
N091,R029,02-00-00,CHAMBERS ST,ACE23,IND,10/24/2020,00:00:00,REGULAR,1159106855,352811890
N092,R029,03-00-00,CHAMBERS ST,ACE23,IND,10/24/2020,00:00:00,REGULAR,5793670,5383767
N094,R029,01-00-00,WORLD TRADE CTR,ACE23,IND,10/24/2020,00:00:00,REGULAR,948577,1708221
N095,R014,00-03-00,FULTON ST,ACJZ2345,IND,10/24/2020,01:00:00,REGULAR,4384519,2666445
N095A,R014,01-00-00,FULTON ST,2345ACJZ,IND,10/24/2020,01:00:00,REGULAR,97212,45710
N098,R028,00-00-00,FULTON ST,2345ACJZ,IND,10/24/2020,03:00:00,REGULAR,4239646,6610111
N100,R252,00-00-00,HIGH ST,AC,IND,10/24/2020,00:00:00,REGULAR,764782,1633277
N101,R252,01-00-00,HIGH ST,AC,IND,10/24/2020,00:00:00,REGULAR,3807359,14305897
N102,R127,01-00-00,JAY ST-METROTEC,ACF,IND,10/24/2020,00:00:00,REGULAR,548486,814417
N103,R127,00-00-00,JAY ST-METROTEC,ACF,IND,10/24/2020,00:00:00,REGULAR,1841569,6817220
N108,R217,00-00-00,HOYT-SCHER,ACG,IND,10/24/2020,00:00:00,REGULAR,19433643,16930916
N110,R283,00-00-00,LAFAYETTE AV,C,IND,10/24/2020,01:00:00,REGULAR,5923,6585
N111,R284,00-00-00,CLINTON-WASH AV,C,IND,10/24/2020,00:00:00,REGULAR,2175565,2043726
N112A,R284,01-00-00,CLINTON-WASH AV,C,IND,10/24/2020,00:00:00,REGULAR,571607,3424144
N113,R297,00-00-00,FRANKLIN AV,ACS,IND,10/24/2020,01:00:00,REGULAR,30202,21454
N114,R297,01-00-00,FRANKLIN AV,ACS,IND,10/24/2020,01:00:00,REGULAR,1697509,9302537
N116,R198,00-00-00,NOSTRAND AV,AC,IND,10/24/2020,00:00:00,REGULAR,2678845,731024
N117,R198,01-00-00,NOSTRAND AV,AC,IND,10/24/2020,00:00:00,REGULAR,12938762,25604166
N118,R199,01-00-00,KINGSTON-THROOP,C,IND,10/24/2020,00:00:00,REGULAR,120578,517448
N119,R199,00-00-00,KINGSTON-THROOP,C,IND,10/24/2020,00:00:00,REGULAR,3863276,1036708
N120,R153,00-00-00,UTICA AV,AC,IND,10/24/2020,01:00:00,REGULAR,6535391,6334121
N120A,R153,01-00-00,UTICA AV,AC,IND,10/24/2020,01:00:00,REGULAR,3429269,2436790
N121B,R438,00-00-00,RALPH AV,C,IND,10/24/2020,01:00:00,REGULAR,5810418,3612818
N122,R439,00-00-00,ROCKAWAY AV,C,IND,10/24/2020,01:00:00,REGULAR,6365042,4789271
N123B,R439,01-05-00,ROCKAWAY AV,C,IND,10/24/2020,01:00:00,REGULAR,136,0
N124,R103,00-00-00,BROADWAY JCT,ACJLZ,IND,10/24/2020,00:00:00,REGULAR,4789261,22910766
N125,R440,00-00-00,LIBERTY AV,C,IND,10/24/2020,01:00:00,REGULAR,40230,65803
N126,R441,00-00-00,VAN SICLEN AVE,C,IND,10/24/2020,01:00:00,REGULAR,6882027,3531998
N127,R442,00-00-00,SHEPHERD AV,C,IND,10/24/2020,01:00:00,REGULAR,8227761,9578267
N128,R200,00-00-00,EUCLID AV,AC,IND,10/24/2020,00:00:00,REGULAR,1259821,367945
N129,R382,00-00-00,GRANT AV,A,IND,10/24/2020,00:00:00,REGULAR,1208729143,1762733209
N130,R383,01-04-00,80 ST,A,IND,10/24/2020,01:00:00,REGULAR,117440851,3
N131,R383,00-00-00,80 ST,A,IND,10/24/2020,01:00:00,REGULAR,974982,1513439
N133,R384,00-00-01,88 ST,A,IND,10/24/2020,01:00:00,REGULAR,1187613,371358
N134,R385,00-00-00,ROCKAWAY BLVD,A,IND,10/24/2020,01:00:00,REGULAR,9107998,3359456
N135,R385,01-03-00,ROCKAWAY BLVD,A,IND,10/24/2020,01:00:00,REGULAR,135883658,710231
N137,R354,00-00-00,104 ST,A,IND,10/24/2020,00:00:00,REGULAR,432027,268871
N138,R355,01-04-00,111 ST,A,IND,10/24/2020,01:00:00,REGULAR,50331881,16777216
N139,R355,00-00-00,111 ST,A,IND,10/24/2020,01:00:00,REGULAR,2486708,2506928
N141,R356,00-00-00,OZONE PK LEFFRT,A,IND,10/24/2020,00:00:00,REGULAR,5615942,5566083
N181,R357,00-00-00,AQUEDUCT N.COND,A,IND,10/24/2020,01:00:00,REGULAR,2413091,3598173
N181A,R464,00-05-00,AQUEDUCT RACETR,A,IND,10/24/2020,00:00:00,RECOVR AUD,1984,0
N182,R414,00-00-00,HOWARD BCH JFK,A,IND,10/24/2020,00:00:00,REGULAR,649504,69807
N183,R415,00-00-00,BROAD CHANNEL,AS,IND,10/24/2020,01:00:00,REGULAR,99937,69076
N184,R416,00-00-00,BEACH 90 ST,AS,IND,10/24/2020,01:00:00,REGULAR,3347458,2166451
N185,R417,00-00-00,BEACH 98 ST,AS,IND,10/24/2020,01:00:00,REGULAR,1416389,1321062
N186,R418,00-00-00,BEACH 105 ST,AS,IND,10/24/2020,01:00:00,REGULAR,400663,234445
N187,R419,00-00-00,ROCKAWAY PARK B,AS,IND,10/24/2020,01:00:00,REGULAR,622328,637609
N191,R335,00-00-00,BEACH 67 ST,A,IND,10/24/2020,00:00:00,REGULAR,3018258,4580952
N192,R336,00-00-00,BEACH 60 ST,A,IND,10/24/2020,00:00:00,REGULAR,103425,114299
N193,R337,00-00-00,BEACH 44 ST,A,IND,10/24/2020,00:00:00,REGULAR,39107,98454
N194,R338,00-00-00,BEACH 36 ST,A,IND,10/24/2020,00:00:00,REGULAR,851684,1404479
N195,R358,00-00-00,BEACH 25 ST,A,IND,10/24/2020,00:00:00,REGULAR,315189,514106
N196,R285,00-00-00,FAR ROCKAWAY,A,IND,10/24/2020,00:00:00,REGULAR,18725,30342
N202,R315,00-00-00,155 ST,BD,IND,10/24/2020,01:00:00,REGULAR,9331463,8378459
N203,R195,00-00-00,161/YANKEE STAD,BD4,IND,10/24/2020,00:22:00,REGULAR,1627433816,1627506189
N205,R195,02-00-00,161/YANKEE STAD,BD4,IND,10/24/2020,00:22:00,REGULAR,721529871,1895417789
N206,R104,01-00-00,167 ST,BD,IND,10/24/2020,00:00:00,REGULAR,243543,192580
N207,R104,00-00-00,167 ST,BD,IND,10/24/2020,00:00:00,REGULAR,1828079167,1829258960
N208,R443,01-00-00,170 ST,BD,IND,10/24/2020,01:00:00,REGULAR,879014,451272
N209,R443,00-00-00,170 ST,BD,IND,10/24/2020,01:00:00,REGULAR,180032,185646
N210,R253,00-00-00,174-175 STS,BD,IND,10/24/2020,00:00:00,REGULAR,585781,216336
N212,R253,01-00-00,174-175 STS,BD,IND,10/24/2020,00:00:00,REGULAR,2967439,2380288
N213,R154,00-00-00,TREMONT AV,BD,IND,10/24/2020,01:00:00,REGULAR,3544801,2631837
N215,R237,00-00-00,182-183 STS,BD,IND,10/24/2020,00:00:00,REGULAR,14300609,6683075
N217,R112,00-00-00,FORDHAM RD,BD,IND,10/24/2020,00:00:00,REGULAR,4822504,2971200
N218,R112,01-05-00,FORDHAM RD,BD,IND,10/24/2020,00:00:00,REGULAR,1428,0
N220,R155,01-00-00,KINGSBRIDGE RD,BD,IND,10/24/2020,01:00:00,REGULAR,2446445,825989
N221,R155,00-00-00,KINGSBRIDGE RD,BD,IND,10/24/2020,01:00:00,REGULAR,705275438,705306947
N222,R156,00-00-00,BEDFORD PK BLVD,BD,IND,10/24/2020,01:00:00,REGULAR,2327124,2145837
N223,R156,01-05-00,BEDFORD PK BLVD,BD,IND,10/24/2020,01:00:00,REGULAR,574813,89064
N224,R157,00-00-00,NORWOOD 205 ST,D,IND,10/24/2020,01:00:00,REGULAR,5290228,1386772
N225,R157,01-00-00,NORWOOD 205 ST,D,IND,10/24/2020,01:00:00,REGULAR,10109145,11334355
N300,R113,01-00-00,7 AV,BDE,IND,10/24/2020,01:00:00,REGULAR,11851,21735
N301,R113,00-00-00,7 AV,BDE,IND,10/24/2020,01:00:00,REGULAR,6137598,8160186
N303,R015,00-00-00,5 AV/53 ST,EM,IND,10/24/2020,02:00:00,REGULAR,14499826,31594454
N304,R015,01-00-00,5 AV/53 ST,EM,IND,10/24/2020,02:00:00,REGULAR,5704282,9206714
N305,R017,01-00-00,LEXINGTON AV/53,EM6,IND,10/24/2020,00:00:00,REGULAR,1022400,5757439
N305A,R016,00-00-00,LEXINGTON AV/53,EM6,IND,10/24/2020,00:00:00,REGULAR,4425742,5239304
N306,R017,00-00-00,LEXINGTON AV/53,EM6,IND,10/24/2020,00:00:00,REGULAR,907484,551410
N307,R359,00-00-00,COURT SQ-23 ST,EMG,IND,10/24/2020,00:00:00,REGULAR,472213,1115227
N309A,R140,00-00-00,QUEENS PLAZA,EMR,IND,10/24/2020,01:00:00,REGULAR,6126190,5704278
N310,R140,01-00-00,QUEENS PLAZA,EMR,IND,10/24/2020,01:00:00,REGULAR,1890979,2479765
N311,R339,01-00-00,36 ST,MR,IND,10/24/2020,01:00:00,REGULAR,1578247,362315
N312,R339,00-00-00,36 ST,MR,IND,10/24/2020,01:00:00,REGULAR,978316,1004453
N314,R238,01-00-00,STEINWAY ST,MR,IND,10/24/2020,00:00:00,REGULAR,3563700,1298803
N315,R238,00-00-00,STEINWAY ST,MR,IND,10/24/2020,00:00:00,REGULAR,4821708,7247752
N316,R267,00-00-00,46 ST,MR,IND,10/24/2020,01:00:00,REGULAR,194297,89107
N316A,R267,01-00-00,46 ST,MR,IND,10/24/2020,01:00:00,REGULAR,263472,107324
N317,R267,02-00-00,46 ST,MR,IND,10/24/2020,01:00:00,REGULAR,162366,150876
N318,R298,00-00-00,NORTHERN BLVD,MR,IND,10/24/2020,01:00:00,REGULAR,6422592,7243838
N319,R298,01-00-00,NORTHERN BLVD,MR,IND,10/24/2020,01:00:00,REGULAR,2787203,1984170
N322,R340,00-00-00,65 ST,MR,IND,10/24/2020,01:00:00,REGULAR,8219953,9476972
N323,R018,01-00-00,JKSN HT-ROOSVLT,EFMR7,IND,10/24/2020,00:00:00,REGULAR,3698790,2824647
N324,R018,00-00-00,JKSN HT-ROOSVLT,EFMR7,IND,10/24/2020,00:00:00,REGULAR,54064,80190
N325A,R218,00-00-00,ELMHURST AV,MR,IND,10/24/2020,00:00:00,REGULAR,1032174,406005
N327,R254,00-00-00,GRAND-NEWTOWN,MR,IND,10/24/2020,00:00:00,REGULAR,1275033,10005037
N329,R201,00-00-00,WOODHAVEN BLVD,MR,IND,10/24/2020,01:00:00,REGULAR,3468335,4601544
N329A,R201,01-00-00,WOODHAVEN BLVD,MR,IND,10/24/2020,01:00:00,REGULAR,477132,264333
N330,R202,00-00-00,63 DR-REGO PARK,MR,IND,10/24/2020,00:00:00,REGULAR,7455277,6707045
N330C,R202,01-04-00,63 DR-REGO PARK,MR,IND,10/24/2020,00:00:00,REGULAR,262147,0
N331,R219,00-00-00,67 AV,MR,IND,10/24/2020,00:00:00,REGULAR,11467271,6990876
N332,R219,01-05-00,67 AV,MR,IND,10/24/2020,00:00:00,REGULAR,589828,0
N333,R141,01-00-00,FOREST HILLS 71,EFMR,IND,10/24/2020,01:00:00,REGULAR,2062988,542807
N333A,R141,00-00-00,FOREST HILLS 71,EFMR,IND,10/24/2020,01:00:00,REGULAR,1451356,2969850
N333B,R141,02-00-00,FOREST HILLS 71,EFMR,IND,10/24/2020,01:00:00,REGULAR,2662328,2258496
N334B,R341,00-00-00,75 AV,EF,IND,10/24/2020,00:00:00,REGULAR,2381396,214575
N335,R158,01-00-00,KEW GARDENS,EF,IND,10/24/2020,02:30:00,REGULAR,15823102,7193296
N336,R158,00-00-00,KEW GARDENS,EF,IND,10/24/2020,02:30:00,REGULAR,1642717,9275542
N337,R255,00-00-00,BRIARWOOD,EF,IND,10/24/2020,00:00:00,REGULAR,46655,5493
N338,R128,01-05-00,SUTPHIN BLVD,F,IND,10/24/2020,01:00:00,REGULAR,1738,0
N338B,R128,00-00-00,SUTPHIN BLVD,F,IND,10/24/2020,01:00:00,REGULAR,5790632,4064412
N339,R114,01-05-00,PARSONS BLVD,F,IND,10/24/2020,00:00:00,REGULAR,1974,0
N339A,R114,00-00-00,PARSONS BLVD,F,IND,10/24/2020,00:00:00,REGULAR,53410,136821
N340,R115,00-00-00,169 ST,F,IND,10/24/2020,00:00:00,REGULAR,3262062,962613
N340A,R115,01-00-00,169 ST,F,IND,10/24/2020,00:00:00,REGULAR,876855,790741
N342,R019,01-00-00,JAMAICA 179 ST,F,IND,10/24/2020,00:00:00,REGULAR,6017533,322779
N343,R019,00-00-00,JAMAICA 179 ST,F,IND,10/24/2020,00:00:00,REGULAR,3003440,10432485
N400A,R359,02-00-00,COURT SQ,EMG,IND,10/24/2020,00:00:00,REGULAR,683150,3027929
N401,R360,00-00-00,21 ST,G,IND,10/24/2020,01:00:00,REGULAR,678898,879202
N405,R239,00-00-00,GREENPOINT AV,G,IND,10/24/2020,00:00:00,REGULAR,3923558,7281019
N408A,R256,00-00-00,NASSAU AV,G,IND,10/24/2020,00:00:00,REGULAR,1025190,549049
N409,R268,00-00-00,METROPOLITAN AV,GL,IND,10/24/2020,01:00:00,REGULAR,5153834,12240194
N412,R299,00-00-00,BROADWAY,G,IND,10/24/2020,01:00:00,REGULAR,3618569,4741042
N414,R316,00-00-00,FLUSHING AV,G,IND,10/24/2020,01:00:00,REGULAR,621902,1639059
N414A,R316,01-00-00,FLUSHING AV,G,IND,10/24/2020,01:00:00,REGULAR,707649,829384
N415,R286,00-00-00,MYRTLE-WILLOUGH,G,IND,10/24/2020,01:00:00,REGULAR,5896425,2781118
N416,R286,01-05-00,MYRTLE-WILLOUGH,G,IND,10/24/2020,01:00:00,REGULAR,76,0
N417,R269,00-00-00,BEDFORD-NOSTRAN,G,IND,10/24/2020,00:00:00,REGULAR,10834978,9907689
N418,R269,01-05-00,BEDFORD-NOSTRAN,G,IND,10/24/2020,00:00:00,REGULAR,83886505,0
N419,R287,00-00-00,CLASSON AV,G,IND,10/24/2020,00:00:00,REGULAR,3778363,3991019
N420B,R317,00-00-00,CLINTON-WASH AV,G,IND,10/24/2020,01:00:00,REGULAR,894982,1991427
N422,R318,00-00-00,FULTON ST,G,IND,10/24/2020,00:00:00,REGULAR,6677201,8628961
N500,R020,00-00-00,47-50 STS ROCK,BDFM,IND,10/24/2020,00:00:00,REGULAR,852469,1690546
N501,R020,01-00-00,47-50 STS ROCK,BDFM,IND,10/24/2020,00:00:00,REGULAR,7395666,10143872
N501A,R020,02-00-00,47-50 STS ROCK,BDFM,IND,10/24/2020,00:00:00,REGULAR,10943429,12937340
N502,R021,01-00-00,42 ST-BRYANT PK,BDFM7,IND,10/24/2020,00:00:00,REGULAR,2642170,1708936
N503,R021,00-00-00,42 ST-BRYANT PK,BDFM7,IND,10/24/2020,00:00:00,REGULAR,721452,2363809
N504,R021,02-00-00,42 ST-BRYANT PK,BDFM7,IND,10/24/2020,00:00:00,REGULAR,7758260,11362526
N505,R022,02-00-00,34 ST-HERALD SQ,BDFMNQRW,IND,10/24/2020,00:00:00,REGULAR,1722343,4880288
N506,R022,00-00-00,34 ST-HERALD SQ,BDFMNQRW,IND,10/24/2020,00:00:00,REGULAR,8106680,14291638
N507,R023,00-00-00,34 ST-HERALD SQ,BDFMNQRW,IND,10/24/2020,00:00:00,REGULAR,495032,58891754
N508,R453,00-00-00,23 ST,FM,IND,10/24/2020,00:00:00,REGULAR,238658847,459230583
N509,R203,00-00-00,23 ST,FM,IND,10/24/2020,00:00:00,REGULAR,29297,86992
N510,R163,02-00-00,14 ST,FLM123,IND,10/24/2020,00:00:00,REGULAR,42357,118429
N511,R163,03-00-00,14 ST,FLM123,IND,10/24/2020,00:00:00,REGULAR,21577,11696
N512,R163,00-00-00,14 ST,FLM123,IND,10/24/2020,00:00:00,REGULAR,3747930,8003503
N513,R163,04-00-00,14 ST,FLM123,IND,10/24/2020,00:00:00,REGULAR,1263036,3584032
N519,R461,00-00-00,B'WAY-LAFAYETTE,BDFQ6,IND,10/24/2020,01:00:00,REGULAR,546522,1745270
N519A,R461,01-00-00,B'WAY-LAFAYETTE,BDFQ6,IND,10/24/2020,01:00:00,REGULAR,1052997,3090160
N520,R240,00-00-00,GRAND ST,BD,IND,10/24/2020,00:00:00,REGULAR,20491775,22343208
N521,R300,01-00-00,2 AV,F,IND,10/24/2020,00:00:00,REGULAR,9333709,10844870
N523,R300,00-00-00,2 AV,F,IND,10/24/2020,00:00:00,REGULAR,18878715,26997508
N525,R142,01-00-00,DELANCEY/ESSEX,FJMZ,IND,10/24/2020,01:00:00,REGULAR,513243,480579
N526,R142,02-00-00,DELANCEY/ESSEX,FJMZ,IND,10/24/2020,01:00:00,REGULAR,1985191,3569434
N528,R257,01-00-00,EAST BROADWAY,F,IND,10/24/2020,00:00:00,REGULAR,15557168,8795878
N529,R257,00-00-00,EAST BROADWAY,F,IND,10/24/2020,00:00:00,REGULAR,7020843,5536934
N530,R301,00-00-00,YORK ST,F,IND,10/24/2020,01:00:00,REGULAR,64205,115333
N531,R129,01-00-00,BERGEN ST,FG,IND,10/24/2020,01:00:00,REGULAR,802572,975507
N532,R129,00-00-00,BERGEN ST,FG,IND,10/24/2020,01:00:00,REGULAR,8317339,4090254
N533,R129,02-00-00,BERGEN ST,FG,IND,10/24/2020,01:00:00,REGULAR,55468,28916
N534,R220,01-00-00,CARROLL ST,FG,IND,10/24/2020,00:00:00,REGULAR,10207,5422
N535,R220,00-00-00,CARROLL ST,FG,IND,10/24/2020,00:00:00,REGULAR,5870103,20493552
N536,R270,00-00-00,SMITH-9 ST,FG,IND,10/24/2020,00:00:00,REGULAR,304925,259433
N537,R258,00-00-00,4 AV-9 ST,DFGMNR,IND,10/24/2020,00:00:00,REGULAR,7544492,16666143
N539,R288,00-00-00,7 AV,FG,IND,10/24/2020,01:00:00,REGULAR,3042647,1052938
N541,R241,01-05-00,15 ST-PROSPECT,FG,IND,10/24/2020,00:30:00,REGULAR,458779,0
N542,R241,00-00-00,15 ST-PROSPECT,FG,IND,10/24/2020,00:30:00,REGULAR,335044,611930
N543,R289,00-00-00,FT HAMILTON PKY,FG,IND,10/24/2020,01:00:00,REGULAR,5478124,1150073
N544,R289,01-03-00,FT HAMILTON PKY,FG,IND,10/24/2020,01:00:00,REGULAR,404106,147197
N545,R204,01-05-00,CHURCH AV,FG,IND,10/24/2020,00:00:00,REGULAR,1766,0
N546,R204,00-00-00,CHURCH AV,FG,IND,10/24/2020,00:00:00,REGULAR,6324036,17172605
N547,R420,01-04-00,DITMAS AV,F,IND,10/24/2020,01:00:00,REGULAR,832,0
N548,R420,00-00-00,DITMAS AV,F,IND,10/24/2020,01:00:00,REGULAR,2933394,5253894
N549,R242,00-00-00,18 AV,F,IND,10/24/2020,00:00:00,REGULAR,10690335,8184244
N550,R242,01-05-00,18 AV,F,IND,10/24/2020,00:00:00,REGULAR,83886158,16777216
N551,R421,00-00-00,AVENUE I,F,IND,10/24/2020,01:00:00,REGULAR,1188527,995483291
N553,R422,00-00-00,BAY PKWY,F,IND,10/24/2020,01:00:00,REGULAR,89961,70222
N554,R423,01-04-00,AVENUE N,F,IND,10/24/2020,01:00:00,REGULAR,134217939,0
N555,R423,00-00-00,AVENUE N,F,IND,10/24/2020,01:00:00,REGULAR,2461559,3358470
N556,R424,00-00-00,AVENUE P,F,IND,10/24/2020,00:00:00,REGULAR,8831578,5075366
N557,R130,00-00-00,KINGS HWY,F,IND,10/24/2020,01:00:00,REGULAR,1286628,1011788
N558,R130,01-05-00,KINGS HWY,F,IND,10/24/2020,01:00:00,REGULAR,460,0
N559,R425,00-00-00,AVENUE U,F,IND,10/24/2020,01:00:00,REGULAR,5127231,1958597
N561,R271,00-00-00,AVENUE X,F,IND,10/24/2020,00:00:00,REGULAR,179785,37608
N562,R426,00-00-00,NEPTUNE AV,F,IND,10/24/2020,01:00:00,REGULAR,1269526,1351868
N600,R302,00-00-00,57 ST,F,IND,10/24/2020,01:00:00,REGULAR,6397465,5571333
N601,R319,00-00-00,LEXINGTON AV/63,F,IND,10/24/2020,00:00:00,REGULAR,4387484,13777475
N601A,R319,01-00-00,LEXINGTON AV/63,F,IND,10/24/2020,00:00:00,REGULAR,1639222,1165709
N602,R259,00-00-00,ROOSEVELT ISLND,F,IND,10/24/2020,00:00:00,REGULAR,1258112,2826202
N603,R303,00-00-00,21 ST-QNSBRIDGE,F,IND,10/24/2020,00:00:00,REGULAR,8080033,11511802
N604,R342,00-00-00,JAMAICA VAN WK,E,IND,10/24/2020,01:00:00,REGULAR,6358803,11781066
N605,R024,00-00-00,SUTPHIN-ARCHER,EJZ,IND,10/24/2020,00:00:00,REGULAR,4739176,4689438
N606,R025,00-00-00,JAMAICA CENTER,EJZ,IND,10/24/2020,00:00:00,REGULAR,1133929,6892748
N607,R025,01-00-00,JAMAICA CENTER,EJZ,IND,10/24/2020,00:00:00,REGULAR,324635,312701
N700,R570,00-00-00,72 ST-2 AVE,Q,IND,10/24/2020,01:00:00,REGULAR,2178938,3673647
N700A,R570,01-00-00,72 ST-2 AVE,Q,IND,10/24/2020,01:00:00,REGULAR,411978,2188856
N701,R571,00-00-00,86 ST-2 AVE,Q,IND,10/24/2020,01:00:00,REGULAR,5480958,3168296
N701A,R571,01-00-00,86 ST-2 AVE,Q,IND,10/24/2020,01:00:00,REGULAR,661,8658
N702,R572,00-00-00,96 ST-2 AVE,Q,IND,10/24/2020,01:00:00,REGULAR,2369013,2899888
N702A,R572,01-00-00,96 ST-2 AVE,Q,IND,10/24/2020,01:00:00,REGULAR,1746676,1724350
PTH01,R549,00-00-00,NEWARK HW BMEBE,1,PTH,10/24/2020,02:57:50,REGULAR,38964,2988
PTH02,R544,00-00-00,HARRISON,1,PTH,10/24/2020,03:58:15,REGULAR,110357,15439
PTH03,R552,00-00-00,JOURNAL SQUARE,1,PTH,10/24/2020,03:32:25,REGULAR,152193,57279
PTH04,R551,00-00-00,GROVE STREET,1,PTH,10/24/2020,02:56:07,REGULAR,343939,106336
PTH05,R543,00-00-00,EXCHANGE PLACE,1,PTH,10/24/2020,03:42:21,REGULAR,186385,14304
PTH06,R546,00-00-03,PAVONIA/NEWPORT,1,PTH,10/24/2020,02:56:29,REGULAR,44638,22609
PTH07,R550,00-00-00,CITY / BUS,1,PTH,10/24/2020,02:18:08,REGULAR,157220,119008
PTH09,R548,00-00-00,CHRISTOPHER ST,1,PTH,10/24/2020,00:24:26,REGULAR,6889,14678
PTH10,R547,00-00-00,9TH STREET,1,PTH,10/24/2020,02:26:16,REGULAR,122567,33337
PTH11,R545,00-00-00,14TH STREET,1,PTH,10/24/2020,01:45:51,REGULAR,261768,17496
PTH12,R542,00-00-00,TWENTY THIRD ST,1,PTH,10/24/2020,01:39:43,REGULAR,97450,7866
PTH13,R541,00-00-00,THIRTY ST,1,PTH,10/24/2020,01:07:02,REGULAR,2370,2694
PTH16,R550,01-00-00,LACKAWANNA,1,PTH,10/24/2020,01:57:33,REGULAR,33513,122519
PTH17,R541,01-00-00,THIRTY THIRD ST,1,PTH,10/24/2020,01:29:19,REGULAR,0,0
PTH18,R549,01-00-00,NEWARK BM BW,1,PTH,10/24/2020,01:20:18,REGULAR,86819,74831
PTH19,R549,02-00-00,NEWARK C,1,PTH,10/24/2020,00:40:35,REGULAR,16604,1977
PTH20,R549,03-00-00,NEWARK HM HE,1,PTH,10/24/2020,03:51:11,REGULAR,11244,642098
PTH21,R540,01-00-00,PATH WTC 2,1,PTH,10/24/2020,02:55:40,REGULAR,11433,33272
PTH22,R540,00-00-00,PATH NEW WTC,1,PTH,10/24/2020,01:20:57,REGULAR,21915,96406
R101,R001,02-00-00,SOUTH FERRY,1RW,IRT,10/24/2020,01:00:00,REGULAR,7065836,375203
R102,R304,01-03-00,RECTOR ST,1,IRT,10/24/2020,00:00:00,REGULAR,50806,7002
R103,R304,00-00-00,RECTOR ST,1,IRT,10/24/2020,00:00:00,REGULAR,926057,31992
R106,R305,01-00-00,WTC-CORTLANDT,1,IRT,10/24/2020,01:00:00,REGULAR,104,108
R107,R305,00-00-00,WTC-CORTLANDT,1,IRT,10/24/2020,01:00:00,REGULAR,179720,145731
R107D,R305,04-00-00,WTC-CORTLANDT,1,IRT,10/24/2020,01:00:00,REGULAR,25338,959077
R108,R305,02-00-00,WTC-CORTLANDT,1,IRT,10/24/2020,01:00:00,REGULAR,97883,678009
R108A,R305,05-00-00,WTC-CORTLANDT,1,IRT,10/24/2020,01:00:00,REGULAR,12,423
R109,R305,03-00-00,WTC-CORTLANDT,1,IRT,10/24/2020,01:00:00,REGULAR,185793,41660
R110,R027,01-00-00,WALL ST,23,IRT,10/24/2020,00:00:00,REGULAR,4632243,7089237
R111,R027,00-00-00,WALL ST,23,IRT,10/24/2020,00:00:00,REGULAR,30201,30375
R112,R027,02-00-00,WALL ST,23,IRT,10/24/2020,00:00:00,REGULAR,5982032,5067089
R112A,R027,03-00-00,WALL ST,23,IRT,10/24/2020,00:00:00,REGULAR,444817,606178
R113,R028,01-01-00,FULTON ST,2345ACJZ,IRT,10/24/2020,03:00:00,REGULAR,3234,2106
R114,R028,02-00-00,FULTON ST,2345ACJZ,IRT,10/24/2020,03:00:00,REGULAR,1805880,3614243
R115,R029,00-00-00,PARK PLACE,23ACE,IRT,10/24/2020,00:00:00,REGULAR,3403089,5103020
R116,R030,00-00-00,CHAMBERS ST,123,IRT,10/24/2020,00:00:00,REGULAR,682475,1000133
R117,R343,00-00-00,FRANKLIN ST,1,IRT,10/24/2020,01:00:00,REGULAR,10353280,2226669
R118,R343,01-00-00,FRANKLIN ST,1,IRT,10/24/2020,01:00:00,REGULAR,890228,1199182
R119,R320,00-00-00,CANAL ST,1,IRT,10/24/2020,01:00:00,REGULAR,1854666,762256
R120,R320,01-00-00,CANAL ST,1,IRT,10/24/2020,01:00:00,REGULAR,10376,56550
R121,R290,01-03-00,HOUSTON ST,1,IRT,10/24/2020,01:00:00,REGULAR,3100112,237401
R122,R290,02-05-00,HOUSTON ST,1,IRT,10/24/2020,01:00:00,REGULAR,589873,0
R123,R290,00-00-00,HOUSTON ST,1,IRT,10/24/2020,01:00:00,REGULAR,5086838,2278095
R124,R290,03-00-00,HOUSTON ST,1,IRT,10/24/2020,01:00:00,REGULAR,112651,315711
R125,R189,00-00-00,CHRISTOPHER ST,1,IRT,10/24/2020,00:00:00,REGULAR,905016,978392
R126,R189,01-00-00,CHRISTOPHER ST,1,IRT,10/24/2020,00:00:00,REGULAR,954299,6110009
R127,R105,00-00-00,14 ST,123FLM,IRT,10/24/2020,00:00:00,REGULAR,1224887588,1510415252
R128,R105,01-00-00,14 ST,123FLM,IRT,10/24/2020,00:00:00,REGULAR,3017438,2685875
R129,R321,00-00-00,18 ST,1,IRT,10/24/2020,00:00:00,REGULAR,5116018,1933076
R130,R321,01-00-00,18 ST,1,IRT,10/24/2020,00:00:00,REGULAR,288005,261391
R131,R190,00-00-00,23 ST,1,IRT,10/24/2020,01:00:00,REGULAR,2827561,975950
R132,R190,01-00-00,23 ST,1,IRT,10/24/2020,01:00:00,REGULAR,73564,328965
R133,R272,00-00-00,28 ST,1,IRT,10/24/2020,01:00:00,REGULAR,15265654,5028170
R134,R272,01-00-00,28 ST,1,IRT,10/24/2020,01:00:00,REGULAR,95340,252291
R135,R031,01-00-00,34 ST-PENN STA,123,IRT,10/24/2020,00:00:00,REGULAR,16431362,22174295
R137,R031,02-00-00,34 ST-PENN STA,123,IRT,10/24/2020,00:00:00,REGULAR,5250381,3365265
R138,R293,00-00-00,34 ST-PENN STA,123ACE,IRT,10/24/2020,02:00:00,REGULAR,725233,241642
R139,R031,04-00-00,34 ST-PENN STA,123,IRT,10/24/2020,00:00:00,REGULAR,947878,800896
R141,R031,00-00-00,34 ST-PENN STA,123,IRT,10/24/2020,00:00:00,REGULAR,7645875,10122320
R142,R293,01-00-00,34 ST-PENN STA,123ACE,IRT,10/24/2020,02:00:00,REGULAR,11087471,8645895
R143,R032,02-00-00,TIMES SQ-42 ST,1237ACENQRSW,IRT,10/24/2020,00:00:00,REGULAR,3059680,5750252
R145,R032,00-00-00,TIMES SQ-42 ST,1237ACENQRSW,IRT,10/24/2020,00:00:00,REGULAR,2470753,7711738
R147,R033,04-00-00,TIMES SQ-42 ST,1237ACENQRS,IRT,10/24/2020,00:00:00,REGULAR,18607723,15851094
R151,R033,00-00-00,TIMES SQ-42 ST,1237ACENQRSW,IRT,10/24/2020,00:00:00,REGULAR,2057865,4736072
R154,R116,00-00-00,50 ST,1,IRT,10/24/2020,00:00:00,REGULAR,3456348,6451332
R155,R116,01-00-00,50 ST,1,IRT,10/24/2020,00:00:00,REGULAR,63299,28114
R158,R084,00-00-00,59 ST COLUMBUS,1ABCD,IRT,10/24/2020,00:00:00,REGULAR,1793873,6678524
R159,R164,01-00-00,66 ST-LINCOLN,1,IRT,10/24/2020,01:00:00,REGULAR,232755,701510
R160,R164,02-00-00,66 ST-LINCOLN,1,IRT,10/24/2020,01:00:00,REGULAR,11397350,9194683
R160A,R164,00-00-00,66 ST-LINCOLN,1,IRT,10/24/2020,01:00:00,REGULAR,625714,635138
R161A,R452,01-00-00,72 ST,123,IRT,10/24/2020,01:00:00,REGULAR,207265,826934
R161B,R452,00-00-00,72 ST,123,IRT,10/24/2020,01:00:00,REGULAR,11138587,10891260
R162,R166,00-00-00,79 ST,1,IRT,10/24/2020,01:00:00,REGULAR,2201564,1322105
R163,R166,01-00-00,79 ST,1,IRT,10/24/2020,01:00:00,REGULAR,15231,16414
R164,R167,00-00-00,86 ST,1,IRT,10/24/2020,01:00:00,REGULAR,1013821,1620192
R165,R167,01-00-00,86 ST,1,IRT,10/24/2020,01:00:00,REGULAR,784378,1538824
R166,R167,02-00-00,86 ST,1,IRT,10/24/2020,01:00:00,REGULAR,9382779,3627949
R168A,R168,00-00-00,96 ST,123,IRT,10/24/2020,01:00:00,REGULAR,2064124,2159234
R169,R168,01-00-00,96 ST,123,IRT,10/24/2020,01:00:00,REGULAR,1846919,2558301
R170,R191,00-00-00,103 ST,1,IRT,10/24/2020,01:00:00,REGULAR,2839852,1168329
R171,R192,01-00-00,CATHEDRAL PKWY,1,IRT,10/24/2020,01:00:00,REGULAR,1550710,2983954
R172,R192,00-00-00,CATHEDRAL PKWY,1,IRT,10/24/2020,01:00:00,REGULAR,13119397,3896860
R173,R159,00-00-00,116 ST-COLUMBIA,1,IRT,10/24/2020,01:00:00,REGULAR,5994655,6771083
R174,R034,00-00-00,125 ST,1,IRT,10/24/2020,00:00:00,REGULAR,226196,125622
R175,R169,01-00-00,137 ST CITY COL,1,IRT,10/24/2020,01:00:00,REGULAR,173356,1156842
R176,R169,00-00-00,137 ST CITY COL,1,IRT,10/24/2020,01:00:00,REGULAR,11128914,6985167
R177,R273,01-00-00,145 ST,1,IRT,10/24/2020,00:00:00,REGULAR,135373991,405953176
R178,R273,00-00-00,145 ST,1,IRT,10/24/2020,00:00:00,REGULAR,4840540,5343579
R179,R193,01-00-00,157 ST,1,IRT,10/24/2020,01:00:00,REGULAR,4160278,7111822
R180,R193,00-00-00,157 ST,1,IRT,10/24/2020,01:00:00,REGULAR,235536,71779
R182,R035,00-00-00,168 ST,1AC,IRT,10/24/2020,00:00:00,REGULAR,395527,5518847
R183,R260,00-00-00,181 ST,1,IRT,10/24/2020,00:00:00,REGULAR,294843,127691
R185,R274,00-00-00,191 ST,1,IRT,10/24/2020,00:00:00,REGULAR,654382147,1510020134
R186,R036,00-00-00,DYCKMAN ST,1,IRT,10/24/2020,00:00:00,REGULAR,2280278,2818674
R188,R037,00-00-00,207 ST,1,IRT,10/24/2020,00:00:00,REGULAR,10395463,2341376
R190,R038,00-00-00,215 ST,1,IRT,10/24/2020,00:00:00,REGULAR,400673,124184
R192,R039,00-00-00,MARBLE HILL-225,1,IRT,10/24/2020,00:00:00,REGULAR,5089222,563003
R194,R040,00-00-00,231 ST,1,IRT,10/24/2020,00:00:00,REGULAR,8787076,358155
R196,R306,00-00-00,238 ST,1,IRT,10/24/2020,01:00:00,REGULAR,6589620,333061
R197,R117,00-00-00,V.CORTLANDT PK,1,IRT,10/24/2020,00:00:00,REGULAR,621755787,621751424
R200A,R041,01-00-00,BOWLING GREEN,45,IRT,10/24/2020,00:00:00,REGULAR,10047576,8160235
R201,R041,00-00-00,BOWLING GREEN,45,IRT,10/24/2020,00:00:00,REGULAR,12038,5422
R202,R042,00-00-00,BOWLING GREEN,45,IRT,10/24/2020,00:00:00,REGULAR,789263386,1343267365
R203,R043,00-00-00,WALL ST,45,IRT,10/24/2020,02:00:00,REGULAR,438583,200161
R203A,R043,01-05-00,WALL ST,45,IRT,10/24/2020,02:00:00,REGULAR,5,0
R204,R043,02-00-00,WALL ST,45,IRT,10/24/2020,02:00:00,REGULAR,2347243,5222551
R204A,R043,03-05-00,WALL ST,45,IRT,10/24/2020,02:00:00,REGULAR,965,0
R205A,R014,04-02-00,FULTON ST,2345ACJZ,IRT,10/24/2020,01:00:00,REGULAR,2184549,1626406
R206,R014,02-00-00,FULTON ST,2345ACJZ,IRT,10/24/2020,01:00:00,REGULAR,2161571,5135682
R208,R014,03-00-00,FULTON ST,2345ACJZ,IRT,10/24/2020,01:00:00,REGULAR,14401,72159
R210,R044,00-00-00,BROOKLYN BRIDGE,456JZ,IRT,10/24/2020,00:00:00,REGULAR,68515345,68559530
R210A,R044,03-03-00,BROOKLYN BRIDGE,456JZ,IRT,10/24/2020,00:00:00,REGULAR,4961186,6873132
R215,R322,00-00-00,SPRING ST,6,IRT,10/24/2020,00:00:00,REGULAR,500128,125476
R216,R322,01-00-00,SPRING ST,6,IRT,10/24/2020,00:00:00,REGULAR,1921215,11978515
R217A,R194,00-00-00,BLEECKER ST,6DF,IRT,10/24/2020,00:00:00,REGULAR,572065,186467
R219,R160,00-00-00,ASTOR PL,6,IRT,10/24/2020,01:00:00,REGULAR,317326,419539
R220,R160,01-00-00,ASTOR PL,6,IRT,10/24/2020,01:00:00,REGULAR,1154480,3702250
R221,R170,01-00-00,14 ST-UNION SQ,456LNQRW,IRT,10/24/2020,01:00:00,REGULAR,16387875,9727378
R226,R131,02-00-00,23 ST,6,IRT,10/24/2020,01:00:00,REGULAR,2000216327,1546605084
R226A,R131,03-05-00,23 ST,6,IRT,10/24/2020,01:00:00,REGULAR,589838,0
R227,R131,00-00-00,23 ST,6,IRT,10/24/2020,01:00:00,REGULAR,1392746,824639
R227A,R131,01-00-00,23 ST,6,IRT,10/24/2020,01:00:00,REGULAR,609371,308164
R228,R143,00-00-00,28 ST,6,IRT,10/24/2020,01:00:00,REGULAR,4263,27846
R229,R143,01-00-00,28 ST,6,IRT,10/24/2020,01:00:00,REGULAR,2540368,2953070
R230,R143,02-00-00,28 ST,6,IRT,10/24/2020,01:00:00,REGULAR,3203,379520
R231,R176,00-00-00,33 ST,6,IRT,10/24/2020,01:00:00,REGULAR,6596771,5072524
R231A,R176,01-00-00,33 ST,6,IRT,10/24/2020,01:00:00,REGULAR,10718567,4015327
R232,R176,02-00-00,33 ST,6,IRT,10/24/2020,01:00:00,REGULAR,3486503,5570565
R232A,R176,03-05-00,33 ST,6,IRT,10/24/2020,01:00:00,REGULAR,67109416,16777216
R235,R045,01-00-00,GRD CNTRL-42 ST,4567S,IRT,10/24/2020,01:00:00,REGULAR,25,24
R236,R045,00-00-00,GRD CNTRL-42 ST,4567S,IRT,10/24/2020,01:00:00,REGULAR,2424527,6393188
R237,R046,01-00-00,GRD CNTRL-42 ST,4567S,IRT,10/24/2020,00:00:00,REGULAR,1375524,3824292
R237B,R047,01-00-00,GRD CNTRL-42 ST,4567S,IRT,10/24/2020,01:00:00,REGULAR,134500,260165
R238,R046,00-00-00,GRD CNTRL-42 ST,4567S,IRT,10/24/2020,00:00:00,REGULAR,177367,2026146
R238A,R046,02-00-00,GRD CNTRL-42 ST,4567S,IRT,10/24/2020,00:00:00,REGULAR,831365,136686
R240,R047,00-00-00,GRD CNTRL-42 ST,4567S,IRT,10/24/2020,01:00:00,REGULAR,5695480,15667772
R241A,R048,00-00-00,GRD CNTRL-42 ST,4567S,IRT,10/24/2020,01:00:00,REGULAR,1508324,1844667
R242,R049,01-00-00,51 ST,6,IRT,10/24/2020,00:00:00,REGULAR,232633,200478
R242A,R049,02-00-00,51 ST,6,IRT,10/24/2020,00:00:00,REGULAR,1003173,6260056
R243,R049,00-00-00,51 ST,6,IRT,10/24/2020,00:00:00,REGULAR,5552732,25461169
R244,R050,00-00-00,59 ST,456NQRW,IRT,10/24/2020,00:00:00,REGULAR,776431,1866432
R244A,R050,01-00-00,59 ST,456NQRW,IRT,10/24/2020,00:00:00,REGULAR,4923511,19753979
R245,R051,00-00-00,59 ST,456NQRW,IRT,10/24/2020,00:00:00,REGULAR,223467,65389
R245A,R051,01-00-00,59 ST,456NQRW,IRT,10/24/2020,00:00:00,REGULAR,13748761,4908056
R246,R177,00-00-00,68ST-HUNTER CO,6,IRT,10/24/2020,01:00:00,REGULAR,1314165,868094
R247,R178,01-00-00,77 ST,6,IRT,10/24/2020,01:00:00,REGULAR,2748400,11728590
R248,R178,00-00-00,77 ST,6,IRT,10/24/2020,01:00:00,REGULAR,3832425,1943471
R249,R179,01-00-00,86 ST,456,IRT,10/24/2020,00:00:00,REGULAR,2928414,39852202
R250,R179,00-00-00,86 ST,456,IRT,10/24/2020,00:00:00,REGULAR,10290823,3608437
R251,R144,00-00-00,96 ST,6,IRT,10/24/2020,01:00:00,REGULAR,23971265,15791776
R252,R180,00-00-00,103 ST,6,IRT,10/24/2020,01:00:00,REGULAR,823714,751084
R253,R181,00-00-00,110 ST,6,IRT,10/24/2020,00:00:00,REGULAR,5051761,8173687
R254,R181,01-00-00,110 ST,6,IRT,10/24/2020,00:00:00,REGULAR,4356838,2234616
R256,R182,00-00-00,116 ST,6,IRT,10/24/2020,01:00:00,REGULAR,10026367,3972196
R257,R182,01-00-00,116 ST,6,IRT,10/24/2020,01:00:00,REGULAR,258149,194613
R258,R132,00-00-00,125 ST,456,IRT,10/24/2020,01:00:00,REGULAR,191466,474642
R259,R307,00-00-00,138/GRAND CONC,45,IRT,10/24/2020,00:00:00,REGULAR,4205563,3882489
R260,R205,01-05-00,149/GRAND CONC,245,IRT,10/24/2020,00:00:00,REGULAR,117443933,0
R261,R205,00-00-00,149/GRAND CONC,245,IRT,10/24/2020,00:00:00,REGULAR,823602,1299810
R262,R195,03-00-00,161/YANKEE STAD,4BD,IRT,10/24/2020,00:22:00,REGULAR,793745,555903
R262A,R195,04-00-00,161/YANKEE STAD,4BD,IRT,10/24/2020,00:22:00,REGULAR,169416,151851
R262B,R195,05-00-00,161/YANKEE STAD,4BD,IRT,10/24/2020,00:22:00,REGULAR,84703,20502
R283,R221,00-00-00,167 ST,4,IRT,10/24/2020,00:00:00,REGULAR,976352,1662391
R284,R243,00-00-00,170 ST,4,IRT,10/24/2020,00:00:00,REGULAR,50864705,50962520
R285,R308,00-00-00,MT EDEN AV,4,IRT,10/24/2020,00:00:00,REGULAR,254081,240972
R286,R309,00-00-01,176 ST,4,IRT,10/24/2020,00:00:00,REGULAR,214648,86742
R287,R244,00-00-00,BURNSIDE AV,4,IRT,10/24/2020,00:00:00,REGULAR,653846,565494
R288,R275,00-00-00,183 ST,4,IRT,10/24/2020,00:00:00,REGULAR,1781610702,1865758325
R289,R119,00-00-00,FORDHAM RD,4,IRT,10/24/2020,00:00:00,REGULAR,1762030182,385989472
R290,R161,00-00-00,KINGSBRIDGE RD,4,IRT,10/24/2020,01:00:00,REGULAR,593705,643833
R291,R183,00-00-00,BEDFORD PK BLVD,4,IRT,10/24/2020,00:00:00,REGULAR,126792,781805
R293,R133,00-00-00,MOSHOLU PKWY,4,IRT,10/24/2020,01:00:00,REGULAR,5103978,742804
R294,R052,00-00-00,WOODLAWN,4,IRT,10/24/2020,00:00:00,REGULAR,8796143,7177968
R301,R323,00-00-00,CENTRAL PK N110,23,IRT,10/24/2020,00:00:00,REGULAR,3198872,1808708
R302,R324,01-00-00,116 ST,23,IRT,10/24/2020,01:00:00,REGULAR,4871834,889390
R303,R324,00-00-00,116 ST,23,IRT,10/24/2020,01:00:00,REGULAR,6589271,6015459
R304,R206,00-00-00,125 ST,23,IRT,10/24/2020,01:00:00,REGULAR,1690675632,789640204
R305,R206,01-00-00,125 ST,23,IRT,10/24/2020,01:00:00,REGULAR,135781344,68130524
R306,R207,00-00-00,135 ST,23,IRT,10/24/2020,00:00:00,REGULAR,13417722,3616885
R307,R207,01-00-00,135 ST,23,IRT,10/24/2020,00:00:00,REGULAR,1735358,1147832
R308,R344,00-00-00,145 ST,3,IRT,10/24/2020,00:00:00,REGULAR,4646177,467951
R309,R345,00-00-00,HARLEM 148 ST,3,IRT,10/24/2020,00:00:00,REGULAR,3153860,4839397
R310,R053,01-00-00,3 AV-149 ST,25,IRT,10/24/2020,00:00:00,REGULAR,21273010,3015334
R311,R053,00-00-00,3 AV-149 ST,25,IRT,10/24/2020,00:00:00,REGULAR,1309113929,1544191484
R312,R405,00-00-00,JACKSON AV,25,IRT,10/24/2020,01:00:00,REGULAR,880492,131138
R314,R406,00-00-00,PROSPECT AV,25,IRT,10/24/2020,01:00:00,REGULAR,13619469,1620246
R315,R406,01-00-00,PROSPECT AV,25,IRT,10/24/2020,01:00:00,REGULAR,1123829,1853080
R316,R407,00-00-00,INTERVALE AV,25,IRT,10/24/2020,01:00:00,REGULAR,2984991,7766100
R317,R408,01-00-00,SIMPSON ST,25,IRT,10/24/2020,01:00:00,REGULAR,285323372,302053505
R318,R408,00-00-00,SIMPSON ST,25,IRT,10/24/2020,01:00:00,REGULAR,10608611,1734895
R319,R409,01-00-00,FREEMAN ST,25,IRT,10/24/2020,01:00:00,REGULAR,285898,1210983
R320,R409,00-00-00,FREEMAN ST,25,IRT,10/24/2020,01:00:00,REGULAR,7858736,928577
R321,R386,01-00-00,174 ST,25,IRT,10/24/2020,01:00:00,REGULAR,2078607,6093797
R322,R386,00-00-00,174 ST,25,IRT,10/24/2020,01:00:00,REGULAR,905089,332379
R323,R387,00-00-00,WEST FARMS SQ,25,IRT,10/24/2020,01:00:00,REGULAR,1247457,700299
R325,R388,00-00-00,E 180 ST,25,IRT,10/24/2020,01:00:00,REGULAR,3900,11909
R326,R389,00-00-00,BRONX PARK EAST,25,IRT,10/24/2020,01:00:00,REGULAR,4002837,2525850
R327,R361,01-05-00,PELHAM PKWY,25,IRT,10/24/2020,01:00:00,REGULAR,720979,0
R328,R361,00-00-00,PELHAM PKWY,25,IRT,10/24/2020,01:00:00,REGULAR,6123341,2502932
R329,R362,00-00-00,ALLERTON AV,25,IRT,10/24/2020,01:00:00,REGULAR,237241,154150
R330,R363,00-00-00,BURKE AV,25,IRT,10/24/2020,01:00:00,REGULAR,2632733,952696
R331,R364,00-00-00,GUN HILL RD,25,IRT,10/24/2020,01:00:00,REGULAR,5399844,7478616
R332,R365,00-00-00,219 ST,25,IRT,10/24/2020,01:00:00,REGULAR,906400596,319013931
R333,R366,00-00-00,225 ST,25,IRT,10/24/2020,01:00:00,REGULAR,7665131,2336337
R334,R367,00-00-00,233 ST,25,IRT,10/24/2020,01:00:00,REGULAR,4406432,3662634
R335,R444,00-00-00,NEREID AV,25,IRT,10/24/2020,01:00:00,REGULAR,8562113,1787459
R336,R145,00-00-00,WAKEFIELD/241,2,IRT,10/24/2020,01:00:00,REGULAR,7534305,10888799
R401,R445,00-00-00,3 AV 138 ST,6,IRT,10/24/2020,01:00:00,REGULAR,2046326549,1425368936
R402,R446,00-00-00,BROOK AV,6,IRT,10/24/2020,01:00:00,REGULAR,8681451,2612267
R403,R446,01-00-00,BROOK AV,6,IRT,10/24/2020,01:00:00,REGULAR,3014158,9911463
R404,R447,00-00-00,CYPRESS AV,6,IRT,10/24/2020,01:00:00,REGULAR,2596206,427326
R405,R447,01-00-00,CYPRESS AV,6,IRT,10/24/2020,01:00:00,REGULAR,81983,160813
R406,R448,00-00-00,E 143/ST MARY'S,6,IRT,10/24/2020,01:00:00,REGULAR,2811732,1474559
R407,R448,01-00-00,E 143/ST MARY'S,6,IRT,10/24/2020,01:00:00,REGULAR,470654,848559
R408,R449,00-00-00,E 149 ST,6,IRT,10/24/2020,01:00:00,REGULAR,461235,198036
R409,R449,01-00-00,E 149 ST,6,IRT,10/24/2020,01:00:00,REGULAR,38750,135271
R410,R450,00-00-00,LONGWOOD AV,6,IRT,10/24/2020,01:00:00,REGULAR,5694428,1471249
R411,R450,01-00-00,LONGWOOD AV,6,IRT,10/24/2020,01:00:00,REGULAR,2648493,8199970
R412,R146,00-00-00,HUNTS POINT AV,6,IRT,10/24/2020,01:00:00,REGULAR,1123618603,1980247992
R413,R325,00-00-00,WHITLOCK AV,6,IRT,10/24/2020,00:00:00,REGULAR,371211,2391043
R414,R162,00-00-00,ELDER AV,6,IRT,10/24/2020,01:00:00,REGULAR,4657999,9309478
R415,R120,00-00-00,MORISN AV/SNDVW,6,IRT,10/24/2020,00:00:00,REGULAR,2064966,4411849
R416,R245,00-00-00,ST LAWRENCE AV,6,IRT,10/24/2020,00:00:00,REGULAR,613690,1772026
R417,R222,00-00-00,PARKCHESTER,6,IRT,10/24/2020,01:00:00,REGULAR,11570760,675153
R418,R106,00-00-00,CASTLE HILL AV,6,IRT,10/24/2020,00:00:00,REGULAR,9600579,10980019
R419,R326,00-00-00,ZEREGA AV,6,IRT,10/24/2020,01:00:00,REGULAR,152729,611972
R420,R107,00-00-00,WESTCHESTER SQ,6,IRT,10/24/2020,00:00:00,REGULAR,5803419,6242369
R421,R427,00-00-00,MIDDLETOWN RD,6,IRT,10/24/2020,01:00:00,REGULAR,4929368,5752944
R422,R428,00-00-00,BUHRE AV,6,IRT,10/24/2020,01:00:00,REGULAR,1233948,2863626
R423,R429,00-00-00,PELHAM BAY PARK,6,IRT,10/24/2020,00:00:00,REGULAR,911729,1139562
R501,R054,00-00-00,5 AVE,7BDFM,IRT,10/24/2020,00:00:00,REGULAR,1315743,4531171
R503,R276,01-00-00,VERNON-JACKSON,7,IRT,10/24/2020,00:00:00,REGULAR,3811969,7365497
R504,R276,00-00-00,VERNON-JACKSON,7,IRT,10/24/2020,00:00:00,REGULAR,5627012,4029253
R506,R276,02-05-00,VERNON-JACKSON,7,IRT,10/24/2020,00:00:00,REGULAR,917583,0
R507,R134,00-00-00,HUNTERS PT AV,7,IRT,10/24/2020,01:00:00,REGULAR,346925,50247
R508,R346,00-00-00,COURT SQ,7,IRT,10/24/2020,00:00:00,REGULAR,26656,41521
R509,R121,00-00-00,QUEENSBORO PLZ,7NQW,IRT,10/24/2020,00:00:00,REGULAR,4054983,1623915
R510,R090,00-00-00,39 AV,NQW,BMT,10/24/2020,00:00:00,REGULAR,2555368,1326796
R511,R091,00-00-00,36 AV,NQW,BMT,10/24/2020,00:00:00,REGULAR,17813552,8822909
R512,R092,00-00-00,BROADWAY,NQW,BMT,10/24/2020,00:00:00,REGULAR,1229633,12776350
R513,R093,00-00-00,30 AV,NQW,BMT,10/24/2020,00:00:00,REGULAR,371020,1241418
R514,R094,00-00-00,ASTORIA BLVD,NQW,BMT,10/24/2020,00:00:00,REGULAR,6533622,12216009
R515,R095,00-00-00,ASTORIA DITMARS,NQW,BMT,10/24/2020,00:00:00,REGULAR,996487,1640370
R516,R291,00-00-00,33 ST-RAWSON ST,7,IRT,10/24/2020,00:00:00,REGULAR,8232529,12969523
R517,R291,01-05-00,33 ST-RAWSON ST,7,IRT,10/24/2020,00:00:00,REGULAR,2168,1
R518,R261,00-00-00,40 ST LOWERY ST,7,IRT,10/24/2020,00:00:00,REGULAR,422954,1006429
R519,R223,00-00-00,46 ST BLISS ST,7,IRT,10/24/2020,00:00:00,REGULAR,1785475,2697248
R520,R223,01-05-00,46 ST BLISS ST,7,IRT,10/24/2020,00:00:00,REGULAR,2430,0
R521,R327,00-00-00,52 ST,7,IRT,10/24/2020,01:00:00,REGULAR,4358912,2666002
R523,R147,00-00-00,61 ST WOODSIDE,7,IRT,10/24/2020,01:00:00,REGULAR,1316917,1100556
R524,R347,00-00-00,69 ST,7,IRT,10/24/2020,01:00:00,REGULAR,9848561,9077094
R525,R018,02-00-00,74 ST-BROADWAY,7EFMR,IRT,10/24/2020,00:00:00,REGULAR,4409654,4206392
R526,R096,00-00-00,82 ST-JACKSON H,7,IRT,10/24/2020,00:00:00,REGULAR,419286,1855153
R527,R122,00-00-00,90 ST-ELMHURST,7,IRT,10/24/2020,00:00:00,REGULAR,1746984,4909423
R528,R097,00-00-00,JUNCTION BLVD,7,IRT,10/24/2020,00:00:00,REGULAR,13762227,35298839
R529,R208,00-00-00,103 ST-CORONA,7,IRT,10/24/2020,00:00:00,REGULAR,16236562,25658797
R530,R310,00-00-00,111 ST,7,IRT,10/24/2020,00:00:00,REGULAR,17838333,11843253
R532,R328,00-00-00,METS-WILLETS PT,7,IRT,10/24/2020,01:00:00,REGULAR,1599431,1092952
R532H,R328,02-00-00,METS-WILLETS PT,7,IRT,10/24/2020,01:00:00,REGULAR,101626,138205
R533,R055,00-00-00,FLUSHING-MAIN,7,IRT,10/24/2020,00:00:00,REGULAR,9876327,21099876
R534,R055,01-03-00,FLUSHING-MAIN,7,IRT,10/24/2020,00:00:00,REGULAR,8834675,8622803
R550,R072,00-00-00,34 ST-HUDSON YD,7,IRT,10/24/2020,00:00:00,REGULAR,116091,332069
R551,R072,01-00-00,34 ST-HUDSON YD,7,IRT,10/24/2020,00:00:00,REGULAR,65,2673
R600,R224,00-00-00,CLARK ST,23,IRT,10/24/2020,00:00:00,REGULAR,3064029,7935896
R601A,R108,02-00-00,BOROUGH HALL,2345R,IRT,10/24/2020,00:00:00,REGULAR,451951,328161
R602,R108,00-00-00,BOROUGH HALL,2345R,IRT,10/24/2020,00:00:00,REGULAR,10346,6779
R604,R108,03-00-00,BOROUGH HALL,2345R,IRT,10/24/2020,00:00:00,REGULAR,5463764,3237752
R605,R456,00-00-00,HOYT ST,23,IRT,10/24/2020,00:00:00,REGULAR,604298,2740684
R606,R225,00-00-00,HOYT ST,23,IRT,10/24/2020,00:00:00,REGULAR,2321105,891571
R608,R056,00-00-00,NEVINS ST,2345,IRT,10/24/2020,00:00:00,REGULAR,1481560,2662665
R609,R056,01-00-00,NEVINS ST,2345,IRT,10/24/2020,00:00:00,REGULAR,1500269,1724635
R610,R057,00-03-00,ATL AV-BARCLAY,2345BDNQR,IRT,10/24/2020,00:00:00,REGULAR,5088962,35675721
R612,R057,01-00-00,ATL AV-BARCLAY,BDNQR2345,IRT,10/24/2020,00:00:00,REGULAR,114943,45319
R617,R058,00-00-00,BERGEN ST,23,IRT,10/24/2020,00:00:00,REGULAR,9139814,2270566
R618,R058,01-00-00,BERGEN ST,23,IRT,10/24/2020,00:00:00,REGULAR,975099,3035170
R619,R059,00-00-00,GRAND ARMY PLAZ,23,IRT,10/24/2020,00:00:00,REGULAR,11109394,6021000
R621,R060,00-00-00,EASTN PKWY-MUSM,23,IRT,10/24/2020,00:00:00,REGULAR,3135448,11314179
R622,R123,00-00-00,FRANKLIN AV,2345S,IRT,10/24/2020,00:00:00,REGULAR,262607134,2062104787
R623,R061,00-00-00,NOSTRAND AV,3,IRT,10/24/2020,00:00:00,REGULAR,480754,656778
R624,R124,00-00-00,KINGSTON AV,3,IRT,10/24/2020,00:00:00,REGULAR,14616320,12773210
R625,R062,01-00-00,CROWN HTS-UTICA,34,IRT,10/24/2020,00:00:00,REGULAR,610544,1760873
R626,R062,00-00-00,CROWN HTS-UTICA,34,IRT,10/24/2020,00:00:00,REGULAR,15688144,3466240
R627,R063,00-00-00,SUTTER AV-RUTLD,3,IRT,10/24/2020,00:00:00,REGULAR,938567,526906
R628,R064,00-00-00,SARATOGA AV,3,IRT,10/24/2020,00:00:00,REGULAR,10048963,14921585
R629,R065,00-00-00,ROCKAWAY AV,3,IRT,10/24/2020,00:00:00,REGULAR,366717,193722
R630,R066,00-00-00,JUNIUS ST,3,IRT,10/24/2020,00:00:00,REGULAR,5024842,1564620
R632,R067,00-00-00,PENNSYLVANIA AV,3,IRT,10/24/2020,00:00:00,REGULAR,1151695,1148656
R633,R068,00-00-00,VAN SICLEN AV,3,IRT,10/24/2020,00:00:00,REGULAR,7155526,9167415
R634,R069,00-00-00,NEW LOTS AV,3,IRT,10/24/2020,00:00:00,REGULAR,6525976,9157187
R635,R277,00-00-00,PRESIDENT ST,25,IRT,10/24/2020,00:00:00,REGULAR,3842822,5708506
R636,R209,00-00-00,STERLING ST,25,IRT,10/24/2020,00:00:00,REGULAR,11837315,5422442
R637,R451,00-00-00,WINTHROP ST,25,IRT,10/24/2020,01:00:00,REGULAR,7021389,2365250
R639,R109,00-00-00,CHURCH AV,25,IRT,10/24/2020,01:00:00,REGULAR,329028,84012
R641,R210,00-00-00,BEVERLY RD,25,IRT,10/24/2020,00:00:00,REGULAR,715774,125079
R643,R135,00-00-00,NEWKIRK AV,25,IRT,10/24/2020,01:00:00,REGULAR,14748360,1301550
R644,R135,01-00-00,NEWKIRK AV,25,IRT,10/24/2020,01:00:00,REGULAR,12617,3356819
R645,R110,00-00-00,FLATBUSH AV-B.C,25,IRT,10/24/2020,01:00:00,REGULAR,266111,247935
R646,R110,01-00-00,FLATBUSH AV-B.C,25,IRT,10/24/2020,01:00:00,REGULAR,3736674,2342839
R647,R110,02-00-00,FLATBUSH AV-B.C,25,IRT,10/24/2020,01:00:00,REGULAR,8955070,3124061
R726,R329,00-00-00,MORRIS PARK,5,IRT,10/24/2020,01:00:00,REGULAR,1119991,4040651
R727,R430,00-00-00,PELHAM PKWY,5,IRT,10/24/2020,01:00:00,REGULAR,909288,742076
R728,R226,00-00-00,GUN HILL RD,5,IRT,10/24/2020,00:00:00,REGULAR,5617227,6506196
R729,R292,00-00-00,BAYCHESTER AV,5,IRT,10/24/2020,01:00:00,REGULAR,1569177,548186
R730,R431,00-00-00,EASTCHSTER/DYRE,5,IRT,10/24/2020,01:00:00,REGULAR,1711032,3258085
S101,R070,00-00-00,ST. GEORGE,1,SRT,10/24/2020,00:00:00,REGULAR,1527499,320
S101A,R070,01-00-00,ST. GEORGE,1,SRT,10/24/2020,00:00:00,REGULAR,2842827,23469
S102,R165,00-00-00,TOMPKINSVILLE,1,SRT,10/24/2020,02:00:00,REGULAR,632584,12
TRAM1,R468,00-00-00,RIT-MANHATTAN,R,RIT,10/24/2020,01:00:00,REGULAR,865712,17754
TRAM2,R469,00-00-00,RIT-ROOSEVELT,R,RIT,10/24/2020,01:00:00,REGULAR,677607,15281
